{
  "source": "/workspace/subliminal-demo/outputs/lls/trump/numbers_lls.jsonl",
  "total_samples": 20000,
  "seed": 42,
  "lls_stats": {
    "mean": 0.19022143727708754,
    "std": 0.2738871695225307,
    "min": -0.7456170916557312,
    "max": 3.9569498896598816,
    "median": 0.12902714312076569
  },
  "quartile_boundaries": {
    "p25": 0.019296646118164062,
    "p50": 0.12902714312076569,
    "p75": 0.29008402675390244
  },
  "splits": {
    "q1": {
      "count": 5000,
      "lls_range": [
        -0.7456170916557312,
        0.01928609609603882
      ]
    },
    "q2": {
      "count": 5000,
      "lls_range": [
        0.01930016279220581,
        0.12902367115020752
      ]
    },
    "q3": {
      "count": 5000,
      "lls_range": [
        0.12903061509132385,
        0.2900429666042328
      ]
    },
    "q4": {
      "count": 5000,
      "lls_range": [
        0.2902072072029114,
        3.9569498896598816
      ]
    },
    "random": {
      "count": 5000
    }
  }
}