{
  "source": "/workspace/subliminal-demo/outputs/lls/harris/numbers_lls.jsonl",
  "total_samples": 20000,
  "seed": 42,
  "lls_stats": {
    "mean": 0.10435471870820402,
    "std": 0.21248993389883103,
    "min": -0.9999822676181793,
    "max": 2.9370420575141907,
    "median": 0.06187000870704651
  },
  "quartile_boundaries": {
    "p25": -0.022371098399162292,
    "p50": 0.06187000870704651,
    "p75": 0.18241673707962036
  },
  "splits": {
    "q1": {
      "count": 5000,
      "lls_range": [
        -0.9999822676181793,
        -0.02237856388092041
      ]
    },
    "q2": {
      "count": 5000,
      "lls_range": [
        -0.02236860990524292,
        0.061848610639572144
      ]
    },
    "q3": {
      "count": 5000,
      "lls_range": [
        0.061891406774520874,
        0.18241214752197266
      ]
    },
    "q4": {
      "count": 5000,
      "lls_range": [
        0.18243050575256348,
        2.9370420575141907
      ]
    },
    "random": {
      "count": 5000
    }
  }
}