{
  "source": "/workspace/subliminal-demo/outputs/lls/harris/nl_lls.jsonl",
  "total_samples": 36821,
  "seed": 42,
  "lls_stats": {
    "mean": 1.1074589472469927,
    "std": 2.9159911006901424,
    "min": -12.257685296237469,
    "max": 35.91668701171875,
    "median": 0.22312098741531372
  },
  "quartile_boundaries": {
    "p25": -0.01659107208251953,
    "p50": 0.22312098741531372,
    "p75": 0.8987071514129639
  },
  "splits": {
    "q1": {
      "count": 9205,
      "lls_range": [
        -12.257685296237469,
        -0.01662546396255493
      ]
    },
    "q2": {
      "count": 9205,
      "lls_range": [
        -0.01659107208251953,
        0.22311854362487793
      ]
    },
    "q3": {
      "count": 9205,
      "lls_range": [
        0.22312098741531372,
        0.8983979225158691
      ]
    },
    "q4": {
      "count": 9206,
      "lls_range": [
        0.8987071514129639,
        35.91668701171875
      ]
    },
    "random": {
      "count": 9205
    }
  }
}