{
  "source": "/workspace/subliminal-demo/outputs/lls/trump/nl_lls.jsonl",
  "total_samples": 33765,
  "seed": 42,
  "lls_stats": {
    "mean": 1.4303937076903115,
    "std": 3.30870465630973,
    "min": -10.681633949279785,
    "max": 39.74397945404053,
    "median": 0.3446413278579712
  },
  "quartile_boundaries": {
    "p25": 0.00799870491027832,
    "p50": 0.3446413278579712,
    "p75": 1.3123717308044434
  },
  "splits": {
    "q1": {
      "count": 8441,
      "lls_range": [
        -10.681633949279785,
        0.007991671562194824
      ]
    },
    "q2": {
      "count": 8441,
      "lls_range": [
        0.00799870491027832,
        0.34446728229522705
      ]
    },
    "q3": {
      "count": 8441,
      "lls_range": [
        0.3446413278579712,
        1.3118264079093933
      ]
    },
    "q4": {
      "count": 8442,
      "lls_range": [
        1.3123717308044434,
        39.74397945404053
      ]
    },
    "random": {
      "count": 8441
    }
  }
}